<?xml version="1.0" encoding="UTF-8" standalone="yes"?>
<addon id="plugin.program.valeroswizard" name="Valerors Wizard" version="1.0.0" provider-name="XxSeRyIxX">
    <requires>
        <import addon="script.module.requests" />
        <import addon="script.module.six" />
        <import addon="script.kodi.android.update" optional="true" version="1.1.7" />
        <import addon="script.speedtester" optional="true" version="1.1.3" />
    </requires>
    
    <extension point="xbmc.python.pluginsource" library="default.py">
        <provides>executable</provides>
    </extension>
    
    <extension point="xbmc.service" library="startup.py" start="startup" />
        
    <extension point="xbmc.addon.metadata">
        <summary lang="es">[COLOR 40937a]Valero's[/COLOR] [COLOR 0fab6f]Wizard[/COLOR]</summary>
        <description lang="es">
			<description lang="es">
Valero's Wizard es un asistente de instalación automatizada de mi configuración personal de kodi. 
Además ofrece numerosas funciones de mantenimiento y otras utilidades. 

Addon basado en el plugin de Aftermath y actualmente desarrollado por drinfernoo y slamious. 
Proyecto Openwizard, traducido al Castellano por @joheos11 y Valero.
			</description>
		</description>
        <platform>all</platform>
        <reuselanguageinvoker>false</reuselanguageinvoker>
        <source>https://www.github.com/a4k-openproject/plugin.program.openwizard/</source>
        <news>
1.0.0
 - Primera versión
        </news>
        <assets>
            <icon>icon.png</icon>
            <fanart>fanart.png</fanart>
        </assets>
    </extension>
</addon>
