<addon id="repository.valeros" name="Valero's Repository" version="1.0.0" provider-name="XxSeRyIxX">
    <extension point="xbmc.addon.repository" name="Valero's Repository">
        <dir minversion="20.0.0">
            <info compressed="false">https://raw.githubusercontent.com/VSeryi/ValerosWizard/master/repo/addons.xml</info>
            <checksum>https://raw.githubusercontent.com/VSeryi/ValerosWizard/master/repo/addons.xml.md5</checksum>
            <datadir zip="true">https://raw.githubusercontent.com/VSeryi/ValerosWizard/master/repo/</datadir>
        </dir>
    </extension>
    <extension point="xbmc.addon.metadata">
        <summary>Valero's Repository</summary>
        <description>A repository for Valero's releases of addons</description>
        <disclaimer/>
        <platform>all</platform>
        <assets>
            <icon>icon.png</icon>
            <fanart>fanart.jpg</fanart>
        </assets>
    </extension>
</addon>