<addon id="repository.valeros" name="[COLOR seagreen][B]Valeror's[/B][/COLOR] Repository" version="1.0.0" provider-name="Valero">
    <extension point="xbmc.addon.repository" name="[COLOR seagreen][B]Valeror's[/B][/COLOR] Repository">
        <dir minversion="20.0.0">
            <info compressed="false">https://raw.githubusercontent.com/VSeryi/ValerosWizard/master/repo/addons.xml</info>
            <checksum>https://raw.githubusercontent.com/VSeryi/ValerosWizard/master/repo/addons.xml.md5</checksum>
            <datadir zip="true">https://raw.githubusercontent.com/VSeryi/ValerosWizard/master/repo/</datadir>
        </dir>
    </extension>
    <extension point="xbmc.addon.metadata">
        <summary>[COLOR seagreen][B]Valeror's[/B][/COLOR] Repository</summary>
        <description>A repository for [COLOR seagreen][B]Valeror's[/B][/COLOR] releases of addons</description>
        <disclaimer/>
        <platform>all</platform>
        <assets>
            <icon>icon.png</icon>
            <fanart>fanart.png</fanart>
        </assets>
    </extension>
</addon>